PRAGMA foreign_keys=OFF;
BEGIN TRANSACTION;
CREATE TABLE AlbumRoots
                            (id INTEGER PRIMARY KEY,
                            label TEXT,
                            status INTEGER NOT NULL,
                            type INTEGER NOT NULL,
                            identifier TEXT,
                            specificPath TEXT,
                            UNIQUE(identifier, specificPath));
INSERT INTO "AlbumRoots" VALUES(1,NULL,0,1,'volumeid:?uuid=800b21c2-dadc-4930-829e-a96b04ce26fa','/vivo/digikam-devel/data/testimages/a1');
INSERT INTO "AlbumRoots" VALUES(2,'a2',0,1,'volumeid:?uuid=800b21c2-dadc-4930-829e-a96b04ce26fa','/vivo/digikam-devel/data/testimages/a2');
CREATE TABLE Albums
                            (id INTEGER PRIMARY KEY,
                            albumRoot INTEGER NOT NULL,
                            relativePath TEXT NOT NULL,
                            date DATE,
                            caption TEXT,
                            collection TEXT,
                            icon INTEGER,
                            UNIQUE(albumRoot, relativePath));
INSERT INTO "Albums" VALUES(1,1,'/','2011-06-28',NULL,NULL,NULL);
INSERT INTO "Albums" VALUES(2,1,'/jpg','2011-06-28',NULL,NULL,NULL);
INSERT INTO "Albums" VALUES(3,1,'/png','2011-06-28',NULL,NULL,NULL);
INSERT INTO "Albums" VALUES(4,2,'/','2011-06-28',NULL,NULL,NULL);
INSERT INTO "Albums" VALUES(5,2,'/pgf','2011-06-28',NULL,NULL,NULL);
INSERT INTO "Albums" VALUES(6,2,'/pgf/link','2011-06-28',NULL,NULL,NULL);
CREATE TABLE Images
                            (id INTEGER PRIMARY KEY,
                            album INTEGER,
                            name TEXT NOT NULL,
                            status INTEGER NOT NULL,
                            category INTEGER NOT NULL,
                            modificationDate DATETIME,
                            fileSize INTEGER,
                            uniqueHash TEXT,
                            UNIQUE (album, name));
INSERT INTO "Images" VALUES(1,2,'foto001.jpg',1,1,'2011-06-28T02:13:14',145538,'64ba82087739998c8ca2b6fe795a27ef');
INSERT INTO "Images" VALUES(2,2,'foto001bw.jpg',1,1,'2011-06-28T02:13:14',105505,'faff1ab097816445d6c99618634c1054');
INSERT INTO "Images" VALUES(3,3,'snap001.png',1,1,'2011-06-28T02:13:14',173933,'b7f6e38ad04f1a8b4307cee7d4d144f2');
INSERT INTO "Images" VALUES(4,3,'snap002.png',1,1,'2011-06-28T15:43:41',71591,'570d684473df126f54b8436a444b3ba1');
INSERT INTO "Images" VALUES(5,4,'big-image.png',1,1,'2011-06-28T02:13:14',114493,'73ded88d97601deb2d42dedac59a4786');
INSERT INTO "Images" VALUES(6,4,'icc-test-farbkreis.jpg',1,1,'2011-06-28T02:13:14',75675,'6e6426a193df285022b616a563ce4ad6');
INSERT INTO "Images" VALUES(8,4,'icc-test-no-profile.jpg',1,1,'2011-06-28T17:42:36',50331,'6c335b8c4891b709969aaa5ec36ef097');
INSERT INTO "Images" VALUES(9,4,'Martian_face_viking.jpg',1,1,'2011-06-28T02:13:14',99416,'d77bfd4de3e8e4b2880a30cb03c824e6');
INSERT INTO "Images" VALUES(10,5,'foto001q5.pgf',1,1,'2011-06-28T02:13:14',89012,'891ade31c9d71cae9eefb599b467561e');
INSERT INTO "Images" VALUES(11,6,'foto001q5.pgf',1,1,'2011-06-28T02:13:14',89012,'891ade31c9d71cae9eefb599b467561e');
INSERT INTO "Images" VALUES(12,6,'otherlink.pgf',1,1,'2011-06-28T02:13:14',89012,'891ade31c9d71cae9eefb599b467561e');
CREATE TABLE ImageHaarMatrix
                            (imageid INTEGER PRIMARY KEY,
                            modificationDate DATETIME,
                            uniqueHash TEXT,
                            matrix BLOB);
INSERT INTO "ImageHaarMatrix" VALUES(1,'2011-06-28T02:13:14','64ba82087739998c8ca2b6fe795a27ef',X'000000013FD282E4358AE500BF85C943A6CF0565BF81B32654742A72FFFFFF7F00000024FFFFFFDBFFFFFFF700000417FFFFFEFCFFFFFA7DFFFFF97F00000C00000000040000010C0000050B00000201000018800000008DFFFFF980FFFFFF7E000002BBFFFFFFC8FFFFFF79FFFFFFF500000B0700000A0100000287FFFFFFFDFFFFFEF3FFFFFFFE0000001B00000006FFFFFFE4FFFFFFF9FFFFFA800000000DFFFFFD7CFFFFFAFEFFFFFC8000000101FFFFFD7EFFFFFE80FFFFFF000000049400000286FFFFFB7F00000292FFFFFDEE0000090B000005800000008CFFFFF65000000202FFFFFB50FFFFFFA2000004820000020B000002DDFFFFFD38FFFFFAD1FFFFFB23FFFFF700FFFFFEFAFFFFFDDC00000905FFFFFEF40000008900000148FFFFF6520000000C00000484FFFFFF7F0000028CFFFFF6FF000004AFFFFFF675FFFFFFF500000009FFFFFFFFFFFFFE00FFFFFDFFFFFFFF00FFFFFF80FFFFFEEE00000109FFFFFBF9FFFFFDF8FFFFF7000000008CFFFFFFF80000028CFFFFFEE90000010A000001480000002500000009FFFFFDDCFFFFFEEDFFFFFAFEFFFFFEF5FFFFFF75FFFFFEB700000125FFFFFBFC00000205FFFFFB7FFFFFFD7E0000000CFFFFF6FF00000484FFFFFFFC00000181FFFFFDFCFFFFFFF500000180FFFFFB80FFFFFFFFFFFFFDFFFFFFFEFFFFFFFF80FFFFFFFEFFFFFE00FFFFFF00');
INSERT INTO "ImageHaarMatrix" VALUES(2,'2011-06-28T02:13:14','faff1ab097816445d6c99618634c1054',X'000000013FD2B32F72FA7D2CBC7240C161E8C145BC641FF2E93A52DB0000058200000024FFFFFFDB00000417FFFFFFF7FFFFFEFCFFFFFA7DFFFFF97F00000C000000050B000018800000010CFFFFFF7EFFFFF980000000040000008DFFFFFFF5000002BBFFFFFFC800000201FFFFFF7900000B0700000A01FFFFFFFE00000287FFFFFEF3FFFFFFFD000000060000001BFFFFFFE4FFFFFFF9FFFFFA800000000DFFFFFD7CFFFFFAFEFFFFFC80FFFFFD7E00000101FFFFFE80FFFFFF00FFFFFF65FFFFFEE3FFFFCF000000068CFFFFF275000006800000000900002D7CFFFFF545FFFFFFFCFFFFEBAB00000104FFFFF4F9FFFFFDFFFFFFFA000000010D0000008700000038FFFFF5FFFFFFFEF4FFFFF40000000002FFFFFAF5FFFFE780FFFFFFE500000AF100000580FFFFFD790000001C0000000300000007FFFFFFFAFFFFFFF3000005020000038000000284FFFFFEFF000002820000018000000100FFFFF4F1FFFFFA8F00002D83FFFFFDFF00001677000016FE000028AB0000051EFFFFFF6500001705FFFFFD7900000087000017AF0000142C000029F100000180000000820000001CFFFFDBD00000285B00002DE3FFFFFFFA00000284FFFFD2710000000200001572FFFFFAF500000AF1000005800000050200000A050000010DFFFFFFF3FFFFFD450000000700000AF200002AF2FFFFFEFF0000028200000100');
INSERT INTO "ImageHaarMatrix" VALUES(3,'2011-06-28T02:13:14','b7f6e38ad04f1a8b4307cee7d4d144f2',X'000000013FEBEB18F7043F49BF805D854E05F935BF48E9EA67140324FFFFFFFB00000F00000001010000030000000302FFFFFE7E00000088FFFFDD00FFFFF87800000400FFFFF87F0000000F00000F8100000682FFFFF27FFFFFFFD60000007EFFFFF27EFFFFF2800000001400000108FFFFFC7FFFFFFFDFFFFFFFBD0000001FFFFFF08000000020FFFFFE7FFFFFFFFEFFFFE0800000004000000180FFFFFF00FFFFFFFFFFFFF780FFFFFFFC0000078000000380FFFFFE00FFFFFFF8FFFFFFFE00000806FFFFEF7BFFFFFBFE0000040300000005FFFFE47E0000020600000106FFFFFA80FFFFFD5D00000015FFFFF7FBFFFFFFE0FFFFFFECFFFFFEEF00001B0200000584FFFFEFFAFFFFFEFB00000682000010050000003FFFFFFDFB00000406FFFFFFFF00000380FFFFFBFBFFFFFF80FFFFFF00FFFFE08000002000FFFFDF000000078000000F80FFFFEF8000001000FFFFFE00FFFFF800FFFFFC00FFFFFBBFFFFFF9F50000078B00000705000007020000068B00001683FFFFFFFDFFFFFEFB00000200FFFFFED300000780FFFFFAFDFFFFFFF40000108000001406000001820000058B000001960000059600000783FFFFFC80FFFFFFEBFFFFFFFAFFFFFE8000000002FFFFFF7D000008000000118000000185FFFFFEEA00000100FFFFF0000000002DFFFFFEF500000880000000160000000B0000040000000005');
INSERT INTO "ImageHaarMatrix" VALUES(4,'2011-06-28T15:43:41','570d684473df126f54b8436a444b3ba1',X'000000013FEA905961BAEFA13F74365D1DD7E5FFBF6B464C27F6FF7DFFFFFA80FFFFFEFE00001B0BFFFFCC80FFFFF37F00000C80FFFFEB00FFFFF9FF00001980FFFFF278FFFFE47BFFFFF4FB00000082FFFFFFFFFFFFFF7D0000060000001585FFFFE67F0000338DFFFFFA7D0000030100000D85FFFFE480FFFFE47FFFFFC8FC00000681FFFFCC7900000180FFFFFF80FFFFDD80FFFFEF0000001F00FFFFF78000003E800000038000000F8000000780FFFFFF00FFFFFC00FFFFFE000000158100001600FFFFFD7DFFFFD47DFFFFFA7BFFFFEB7AFFFFEA6AFFFFE9FF00000A82FFFFFAFD00000B0BFFFFEA7E0000168000002B8C0000008000001683FFFFFB000000028100000083FFFFFA7FFFFFF57D0000028600000003FFFFD300FFFFD2FD00000B0500001603FFFFF4FD00002D800000158600000A85FFFFF58000002D83FFFFEA7BFFFFF500FFFFFF00FFFFFEFD0000158C00000580000005830000028C00001505FFFFEB7BFFFFFAFDFFFFEA6AFFFFE9FFFFFFEAFDFFFFEA7E000016800000008000002B8C00000B0B00001683FFFFFD80FFFFFB0000000A06FFFFFA7FFFFFFEFDFFFFD300FFFFD2FD0000160300000B05FFFFF4FD00000A82FFFFFF000000158600002D8000002D83FFFFF50000001486FFFFFD7DFFFFF57AFFFFEA7BFFFFEAFA0000158C00000A85FFFFF57DFFFFF5800000058000000583');
INSERT INTO "ImageHaarMatrix" VALUES(5,'2011-06-28T02:13:14','73ded88d97601deb2d42dedac59a4786',X'000000013F75EEA3BE2DC50FBF383CBF33F8A15BBEB95212DABA4DAAFFFFFE75000018B1FFFFE8CF000005AE0000030000000631000003060000018C00000603FFFFFA4FFFFFFFFB00000006FFFFE775FFFFE8F40000188C00000B970000170BFFFFFD7AFFFFFA7DFFFFFEF4FFFFFD80000002850000010B00000582FFFFF9FBFFFFFCF5000006000000030C00000606FFFFFFF50000000CFFFFFA7AFFFFFD74FFFFFA800000028B00000585FFFFF9F50000060CFFFFFA740000058B0000000BFFFFE7E8FFFFFA7BFFFFFD75FFFFFA00FFFFF3FDFFFFFE68FFFFF9FAFFFFFCF4FFFFE85000000B8600000298000018170000058C000017AF00000B8000000C0500000317FFFFFFE8FFFFF47B000000170000060BFFFFFD69FFFFF400FFFFFA75FFFFF3FAFFFFFCE8FFFFF9F400000B8C0000059800000C0B00000617FFFFF475FFFFFA69FFFFF3F4FFFFF9E800000B9800000C17FFFFF469FFFFF3E800002FDD00001817000017AF00001830FFFFCFD0FFFFD069FFFFF4210000035EFFFFE822FFFFE8A0FFFFD09E00003060FFFFD04F000003170000306100002FE2FFFFFA2100000BE0FFFFFA6900000C0B0000315EFFFFD051FFFFF469000018DE00002F60FFFFF4500000186200000C170000065EFFFFCFA30000061700002F3000002F5EFFFFCF1EFFFFCE9FFFFFD121FFFFD050000017E2FFFFE7A1FFFFE823');
INSERT INTO "ImageHaarMatrix" VALUES(6,'2011-06-28T02:13:14','6e6426a193df285022b616a563ce4ad6',X'000000013FC8AA30FD32C5CFBF6C8E2ED66F9CFD3F4F759298D265F5FFFFFD73FFFFFB79FFFFFCF200000082000003870000028EFFFFFEFAFFFFFD7D00000182FFFFFC0000000282FFFFFFFC00000300FFFFFFF2FFFFF900FFFFFDF9FFFFFFFB0000048300000206FFFFFC7AFFFFFCF900000702FFFFF87E0000018F00000783FFFFF8FDFFFFFE72FFFFFEF10000038000000287FFFFFF0000000780FFFFFE000000010EFFFFFFFE0000000F00000103FFFFFFFFFFFFFE7D000000070000028700000300FFFFFE77FFFFFCFCFFFFFB7BFFFFFBFAFFFFF8FB0000040500000280FFFFF87A00000785FFFFFDFB0000038600000206FFFFFC7B0000048000000700FFFFF87D00000402FFFFFBFD00000782FFFFFF7CFFFFFB7E000000870000070300000083FFFFFF7E00000483FFFFFE00FFFFF8FE00000180FFFFFC80FFFFFC00FFFFF880FFFFFEFE000001000000018300000103FFFFFE7E0000008000000182FFFFF8800000018000000304FFFFFD79FFFFFEFDFFFFFC7900000009FFFFFE7800000189000002040000010F0000000600000005000003860000000EFFFFFEF2FFFFFDFBFFFFFB7E0000070300000108FFFFFE7100000381FFFFFDFFFFFFFD7C00000307FFFFFEFF00000181FFFFFFF8FFFFFEF7FFFFFFF10000018EFFFFFFFCFFFFFFF90000000200000003FFFFFEFE000000800000018300000001');
INSERT INTO "ImageHaarMatrix" VALUES(8,'2011-06-28T17:42:36','6c335b8c4891b709969aaa5ec36ef097',X'000000013FC6D7C0E3D82DDC3F61A829BF5F0828BF59D6E241DE15F6FFFFFDFB00000009000002040000010E000002820000000600000105FFFFFC7C0000000F00000705FFFFFC7A00000786FFFFF87BFFFFFF7D00000082FFFFFE7800000007000003040000000300000108FFFFFF80FFFFF900FFFFFD7C00000385FFFFFEFEFFFFFE0000000783FFFFF8FD0000018900000001FFFFFEF7FFFFF87EFFFFFE7DFFFFFFF80000038000000702FFFFFFFCFFFFFF000000078000000182FFFFFBFE00000380FFFFFF7DFFFFFEF10000010EFFFFFE80000002000000078300000387FFFFFFFAFFFFFFFBFFFFFDFCFFFFFFF20000040000000780FFFFFF0000000205FFFFFEF800000201FFFFFC7AFFFFFE7F000004820000018FFFFFF8FDFFFFFC7F000000080000010100000284FFFFFCF9000001090000000F00000004FFFFFFFE00000007FFFFFE72FFFFFFFD00000102FFFFFE7DFFFFFF80FFFFFFFF00000087FFFFFF7EFFFFFC8000000109FFFFFE00FFFFFFFBFFFFFEF8FFFFFBFDFFFFFDF900000782FFFFFFFA00000384FFFFFFF7FFFFF880FFFFFC00FFFFFEF1FFFFFE7F00000206FFFFFC7B000001000000020100000483FFFFFC7F000001880000000FFFFFF8FE0000010100000287FFFFFFFDFFFFFCFC0000010E000000040000000700000008FFFFFE77FFFFFFFE00000103FFFFFE7E00000080FFFFFFFF');
INSERT INTO "ImageHaarMatrix" VALUES(9,'2011-06-28T02:13:14','d77bfd4de3e8e4b2880a30cb03c824e6',X'000000013FE12F23499E0F60BC80F30ADA6DFB3EBC7381945ACE1B5E0000050C00000684FFFFFD7DFFFFFEE8000000850000008AFFFFFD00FFFFF180FFFFFF6700000393FFFFFFFA00000787FFFFFC7C0000018FFFFFF8720000038F0000018AFFFFFF77FFFFFF7AFFFFFCFD00000185FFFFF900FFFFFCF300000309FFFFFA7AFFFFFC7200000100FFFFFFFBFFFFFFF100000181FFFFFE77FFFFFF7F00000780FFFFFCFFFFFFFE7EFFFFFFF900000304FFFFFF7EFFFFFFFDFFFFFFFFFFFFF17D0000008100000381FFFFE261FFFFE1E1FFFFE43200003BBA00001EFDFFFFFE7F00000586FFFFFE7600000189FFFFC47900003BF4FFFFF8810000078E0000000F000003010000038E0000020600000F77FFFFFC6DFFFFC4CFFFFFF8790000078300000005FFFFFEE7000007040000008900000303FFFFF8FD00000700FFFFC408FFFFF8800000000700000182FFFFFCFC00000082000000010000000300000C02FFFFF974000000890000039C00000E9DFFFFFC6200000005FFFFF880FFFFFDFF00001D8000001D9DFFFFDCCA0000197F00001BCC0000078E000010A80000097A00000084FFFFFA420000083200001E77FFFFFF00FFFFF8710000000BFFFFFDFEFFFFC3810000038400000704000000060000038300000183000001890000008600000301FFFFFCFC0000008200000182000000810000000300000001');
INSERT INTO "ImageHaarMatrix" VALUES(10,'2011-06-28T02:13:14','891ade31c9d71cae9eefb599b467561e',X'00000001000000000000000000000000000000000000000000000000FFFFFFFFFFFFFFFDFFFFFFF9FFFFFFF1FFFFFFE1FFFFFFD8FFFFFFD9FFFFFFDAFFFFFFDBFFFFFFDCFFFFFFDDFFFFFFDEFFFFFFDFFFFFFFE2FFFFFFE0FFFFFFE3FFFFFFE4FFFFFFE5FFFFFFE6FFFFFFE7FFFFFFE8FFFFFFE9FFFFFFEAFFFFFFEBFFFFFFECFFFFFFEDFFFFFFEEFFFFFFEFFFFFFFF2FFFFFFF0FFFFFFF3FFFFFFF4FFFFFFF5FFFFFFF6FFFFFFF7FFFFFFFAFFFFFFF8FFFFFFFBFFFFFFFEFFFFFFFCFFFFFFFFFFFFFFFDFFFFFFF9FFFFFFF1FFFFFFE1FFFFFFD8FFFFFFD9FFFFFFDAFFFFFFDBFFFFFFDCFFFFFFDDFFFFFFDEFFFFFFDFFFFFFFE2FFFFFFE0FFFFFFE3FFFFFFE4FFFFFFE5FFFFFFE6FFFFFFE7FFFFFFE8FFFFFFE9FFFFFFEAFFFFFFEBFFFFFFECFFFFFFEDFFFFFFEEFFFFFFEFFFFFFFF2FFFFFFF0FFFFFFF3FFFFFFF4FFFFFFF5FFFFFFF6FFFFFFF7FFFFFFFAFFFFFFF8FFFFFFFBFFFFFFFEFFFFFFFCFFFFFFFFFFFFFFFDFFFFFFF9FFFFFFF1FFFFFFE1FFFFFFD8FFFFFFD9FFFFFFDAFFFFFFDBFFFFFFDCFFFFFFDDFFFFFFDEFFFFFFDFFFFFFFE2FFFFFFE0FFFFFFE3FFFFFFE4FFFFFFE5FFFFFFE6FFFFFFE7FFFFFFE8FFFFFFE9FFFFFFEAFFFFFFEBFFFFFFECFFFFFFEDFFFFFFEEFFFFFFEFFFFFFFF2FFFFFFF0FFFFFFF3FFFFFFF4FFFFFFF5FFFFFFF6FFFFFFF7FFFFFFFAFFFFFFF8FFFFFFFBFFFFFFFEFFFFFFFC');
INSERT INTO "ImageHaarMatrix" VALUES(11,'2011-06-28T02:13:14','891ade31c9d71cae9eefb599b467561e',X'00000001000000000000000000000000000000000000000000000000FFFFFFFFFFFFFFFDFFFFFFF9FFFFFFF1FFFFFFE1FFFFFFD8FFFFFFD9FFFFFFDAFFFFFFDBFFFFFFDCFFFFFFDDFFFFFFDEFFFFFFDFFFFFFFE2FFFFFFE0FFFFFFE3FFFFFFE4FFFFFFE5FFFFFFE6FFFFFFE7FFFFFFE8FFFFFFE9FFFFFFEAFFFFFFEBFFFFFFECFFFFFFEDFFFFFFEEFFFFFFEFFFFFFFF2FFFFFFF0FFFFFFF3FFFFFFF4FFFFFFF5FFFFFFF6FFFFFFF7FFFFFFFAFFFFFFF8FFFFFFFBFFFFFFFEFFFFFFFCFFFFFFFFFFFFFFFDFFFFFFF9FFFFFFF1FFFFFFE1FFFFFFD8FFFFFFD9FFFFFFDAFFFFFFDBFFFFFFDCFFFFFFDDFFFFFFDEFFFFFFDFFFFFFFE2FFFFFFE0FFFFFFE3FFFFFFE4FFFFFFE5FFFFFFE6FFFFFFE7FFFFFFE8FFFFFFE9FFFFFFEAFFFFFFEBFFFFFFECFFFFFFEDFFFFFFEEFFFFFFEFFFFFFFF2FFFFFFF0FFFFFFF3FFFFFFF4FFFFFFF5FFFFFFF6FFFFFFF7FFFFFFFAFFFFFFF8FFFFFFFBFFFFFFFEFFFFFFFCFFFFFFFFFFFFFFFDFFFFFFF9FFFFFFF1FFFFFFE1FFFFFFD8FFFFFFD9FFFFFFDAFFFFFFDBFFFFFFDCFFFFFFDDFFFFFFDEFFFFFFDFFFFFFFE2FFFFFFE0FFFFFFE3FFFFFFE4FFFFFFE5FFFFFFE6FFFFFFE7FFFFFFE8FFFFFFE9FFFFFFEAFFFFFFEBFFFFFFECFFFFFFEDFFFFFFEEFFFFFFEFFFFFFFF2FFFFFFF0FFFFFFF3FFFFFFF4FFFFFFF5FFFFFFF6FFFFFFF7FFFFFFFAFFFFFFF8FFFFFFFBFFFFFFFEFFFFFFFC');
INSERT INTO "ImageHaarMatrix" VALUES(12,'2011-06-28T02:13:14','891ade31c9d71cae9eefb599b467561e',X'00000001000000000000000000000000000000000000000000000000FFFFFFFFFFFFFFFDFFFFFFF9FFFFFFF1FFFFFFE1FFFFFFD8FFFFFFD9FFFFFFDAFFFFFFDBFFFFFFDCFFFFFFDDFFFFFFDEFFFFFFDFFFFFFFE2FFFFFFE0FFFFFFE3FFFFFFE4FFFFFFE5FFFFFFE6FFFFFFE7FFFFFFE8FFFFFFE9FFFFFFEAFFFFFFEBFFFFFFECFFFFFFEDFFFFFFEEFFFFFFEFFFFFFFF2FFFFFFF0FFFFFFF3FFFFFFF4FFFFFFF5FFFFFFF6FFFFFFF7FFFFFFFAFFFFFFF8FFFFFFFBFFFFFFFEFFFFFFFCFFFFFFFFFFFFFFFDFFFFFFF9FFFFFFF1FFFFFFE1FFFFFFD8FFFFFFD9FFFFFFDAFFFFFFDBFFFFFFDCFFFFFFDDFFFFFFDEFFFFFFDFFFFFFFE2FFFFFFE0FFFFFFE3FFFFFFE4FFFFFFE5FFFFFFE6FFFFFFE7FFFFFFE8FFFFFFE9FFFFFFEAFFFFFFEBFFFFFFECFFFFFFEDFFFFFFEEFFFFFFEFFFFFFFF2FFFFFFF0FFFFFFF3FFFFFFF4FFFFFFF5FFFFFFF6FFFFFFF7FFFFFFFAFFFFFFF8FFFFFFFBFFFFFFFEFFFFFFFCFFFFFFFFFFFFFFFDFFFFFFF9FFFFFFF1FFFFFFE1FFFFFFD8FFFFFFD9FFFFFFDAFFFFFFDBFFFFFFDCFFFFFFDDFFFFFFDEFFFFFFDFFFFFFFE2FFFFFFE0FFFFFFE3FFFFFFE4FFFFFFE5FFFFFFE6FFFFFFE7FFFFFFE8FFFFFFE9FFFFFFEAFFFFFFEBFFFFFFECFFFFFFEDFFFFFFEEFFFFFFEFFFFFFFF2FFFFFFF0FFFFFFF3FFFFFFF4FFFFFFF5FFFFFFF6FFFFFFF7FFFFFFFAFFFFFFF8FFFFFFFBFFFFFFFEFFFFFFFC');
CREATE TABLE ImageInformation
                            (imageid INTEGER PRIMARY KEY,
                            rating INTEGER,
                            creationDate DATETIME,
                            digitizationDate DATETIME,
                            orientation INTEGER,
                            width INTEGER,
                            height INTEGER,
                            format TEXT,
                            colorDepth INTEGER,
                colorModel INTEGER);
INSERT INTO "ImageInformation" VALUES(1,-1,'2011-06-05T16:28:34','2011-06-05T16:28:34',1,720,479,'JPG',8,5);
INSERT INTO "ImageInformation" VALUES(2,-1,'2011-06-05T16:28:34','2011-06-05T16:28:34',1,720,479,'JPG',8,2);
INSERT INTO "ImageInformation" VALUES(3,-1,'2011-06-28T02:13:14',NULL,0,1538,852,'PNG',8,1);
INSERT INTO "ImageInformation" VALUES(4,-1,'2011-06-27T15:31:50','2011-06-27T15:31:50',0,802,1916,'PNG',8,4);
INSERT INTO "ImageInformation" VALUES(5,-1,'2011-06-28T02:13:14',NULL,0,2560,2560,'PNG',8,1);
INSERT INTO "ImageInformation" VALUES(6,-1,'2006-03-11T15:42:12','2006-03-11T15:42:12',1,400,400,'JPG',8,5);
INSERT INTO "ImageInformation" VALUES(7,-1,'2006-03-11T15:42:12','2006-03-11T15:42:12',1,400,400,'JPG',8,5);
INSERT INTO "ImageInformation" VALUES(8,-1,'2011-06-28T17:42:36',NULL,0,798,798,'JPG',8,5);
INSERT INTO "ImageInformation" VALUES(9,-1,'2011-06-18T16:40:36','2011-06-18T16:40:36',0,640,472,'JPG',8,2);
INSERT INTO "ImageInformation" VALUES(10,-1,'2011-06-05T16:28:34','2011-06-05T16:28:34',1,538,358,'PGF',24,1);
INSERT INTO "ImageInformation" VALUES(11,-1,'2011-06-05T16:28:34','2011-06-05T16:28:34',1,538,358,'PGF',24,1);
INSERT INTO "ImageInformation" VALUES(12,-1,'2011-06-05T16:28:34','2011-06-05T16:28:34',1,538,358,'PGF',24,1);
CREATE TABLE ImageMetadata
                            (imageid INTEGER PRIMARY KEY,
                            make TEXT,
                            model TEXT,
                            lens TEXT,
                            aperture REAL,
                            focalLength REAL,
                            focalLength35 REAL,
                            exposureTime REAL,
                            exposureProgram INTEGER,
                            exposureMode INTEGER,
                            sensitivity INTEGER,
                            flash INTEGER,
                            whiteBalance INTEGER,
                            whiteBalanceColorTemperature INTEGER,
                            meteringMode INTEGER,
                            subjectDistance REAL,
                            subjectDistanceCategory INTEGER);
INSERT INTO "ImageMetadata" VALUES(1,'NIKON CORPORATION','NIKON D90','Nikon AF-S DX Nikkor 35mm f/1.8G',3.5,35.0,52.0,0.02,0,0,200,NULL,0,NULL,5,NULL,0);
INSERT INTO "ImageMetadata" VALUES(2,'NIKON CORPORATION','NIKON D90','Nikon AF-S DX Nikkor 35mm f/1.8G',3.5,35.0,52.0,0.02,0,0,200,NULL,0,NULL,5,NULL,0);
INSERT INTO "ImageMetadata" VALUES(10,'NIKON CORPORATION','NIKON D90','Nikon AF-S DX Nikkor 35mm f/1.8G',3.5,35.0,52.0,0.02,0,0,200,24,0,NULL,5,NULL,0);
INSERT INTO "ImageMetadata" VALUES(11,'NIKON CORPORATION','NIKON D90','Nikon AF-S DX Nikkor 35mm f/1.8G',3.5,35.0,52.0,0.02,0,0,200,24,0,NULL,5,NULL,0);
INSERT INTO "ImageMetadata" VALUES(12,'NIKON CORPORATION','NIKON D90','Nikon AF-S DX Nikkor 35mm f/1.8G',3.5,35.0,52.0,0.02,0,0,200,24,0,NULL,5,NULL,0);
CREATE TABLE ImagePositions
                            (imageid INTEGER PRIMARY KEY,
                            latitude TEXT,
                            latitudeNumber REAL,
                            longitude TEXT,
                            longitudeNumber REAL,
                            altitude REAL,
                            orientation REAL,
                            tilt REAL,
                            roll REAL,
                            accuracy REAL,
                            description TEXT);
INSERT INTO "ImagePositions" VALUES(1,'0,0.00000000N',0.0,'90,0.00000000E',90.0,200.0,NULL,NULL,NULL,NULL,NULL);
CREATE TABLE ImageComments
                            (id INTEGER PRIMARY KEY,
                            imageid INTEGER,
                            type INTEGER,
                            language TEXT,
                            author TEXT,
                            date DATETIME,
                            comment TEXT,
                            UNIQUE(imageid, type, language, author));
INSERT INTO "ImageComments" VALUES(1,1,1,'x-default',NULL,NULL,'This file is a part of digiKam project
http://www.digikam.org
Copyright (C) 2011 by Francesco Riosa <francesco+kde at pnpitalia it>');
INSERT INTO "ImageComments" VALUES(2,2,1,'x-default',NULL,NULL,'This file is a part of digiKam project
http://www.digikam.org
Copyright (C) 2011 by Francesco Riosa <francesco+kde at pnpitalia it>');
INSERT INTO "ImageComments" VALUES(3,4,1,'x-default',NULL,NULL,'Test Caption');
CREATE TABLE ImageCopyright
                            (id INTEGER PRIMARY KEY,
                            imageid INTEGER,
                            property TEXT,
                            value TEXT,
                            extraValue TEXT,
                            UNIQUE(imageid, property, value, extraValue));
INSERT INTO "ImageCopyright" VALUES(1,4,'creator','DigiKam Developers',NULL);
INSERT INTO "ImageCopyright" VALUES(2,4,'provider','Opensource world',NULL);
INSERT INTO "ImageCopyright" VALUES(3,4,'copyrightNotice','Same as DigiKam','x-default');
INSERT INTO "ImageCopyright" VALUES(4,4,'source','Snapshot',NULL);
INSERT INTO "ImageCopyright" VALUES(5,4,'creatorJobTitle','developers',NULL);
INSERT INTO "ImageCopyright" VALUES(6,4,'instructions','',NULL);
INSERT INTO "ImageCopyright" VALUES(7,4,'creatorContactInfo.city',NULL,NULL);
INSERT INTO "ImageCopyright" VALUES(8,4,'creatorContactInfo.country',NULL,NULL);
INSERT INTO "ImageCopyright" VALUES(9,4,'creatorContactInfo.address',NULL,NULL);
INSERT INTO "ImageCopyright" VALUES(10,4,'creatorContactInfo.postalCode',NULL,NULL);
INSERT INTO "ImageCopyright" VALUES(11,4,'creatorContactInfo.provinceState',NULL,NULL);
INSERT INTO "ImageCopyright" VALUES(12,4,'creatorContactInfo.email',NULL,NULL);
INSERT INTO "ImageCopyright" VALUES(13,4,'creatorContactInfo.phone',NULL,NULL);
INSERT INTO "ImageCopyright" VALUES(14,4,'creatorContactInfo.webUrl',NULL,NULL);
CREATE TABLE Tags
                            (id INTEGER PRIMARY KEY,
                            pid INTEGER,
                            name TEXT NOT NULL,
                            icon INTEGER,
                            iconkde TEXT,
                            UNIQUE (name, pid));
INSERT INTO "Tags" VALUES(1,8,'tagl2a',0,NULL);
INSERT INTO "Tags" VALUES(2,15,'tl0a',0,NULL);
INSERT INTO "Tags" VALUES(3,2,'tl0a0',0,NULL);
INSERT INTO "Tags" VALUES(4,0,'tagl0a',0,NULL);
INSERT INTO "Tags" VALUES(5,0,'tagl0b',0,NULL);
INSERT INTO "Tags" VALUES(6,0,'tagl0c',0,NULL);
INSERT INTO "Tags" VALUES(7,5,'tagl1a',0,NULL);
INSERT INTO "Tags" VALUES(8,5,'tagl1b',0,NULL);
INSERT INTO "Tags" VALUES(9,5,'tagl1c',0,NULL);
INSERT INTO "Tags" VALUES(10,8,'tagl2b',0,NULL);
INSERT INTO "Tags" VALUES(11,8,'tagl2c',0,NULL);
INSERT INTO "Tags" VALUES(12,8,'tagl2d',0,NULL);
INSERT INTO "Tags" VALUES(13,10,'tagl3a',0,NULL);
INSERT INTO "Tags" VALUES(14,10,'tagl3b',0,NULL);
INSERT INTO "Tags" VALUES(15,0,'tl0',0,NULL);
INSERT INTO "Tags" VALUES(16,15,'tl0b',0,NULL);
INSERT INTO "Tags" VALUES(17,15,'tagl1c',0,NULL);
INSERT INTO "Tags" VALUES(18,2,'tloa1',0,NULL);
CREATE TABLE TagsTree
                            (id INTEGER NOT NULL,
                            pid INTEGER NOT NULL,
                            UNIQUE (id, pid));
CREATE TABLE ImageTags
                            (imageid INTEGER NOT NULL,
                            tagid INTEGER NOT NULL,
                            UNIQUE (imageid, tagid));
INSERT INTO "ImageTags" VALUES(4,1);
INSERT INTO "ImageTags" VALUES(4,2);
INSERT INTO "ImageTags" VALUES(4,3);
CREATE TABLE ImageProperties
                            (imageid  INTEGER NOT NULL,
                            property TEXT    NOT NULL,
                            value    TEXT    NOT NULL,
                            UNIQUE (imageid, property));
INSERT INTO "ImageProperties" VALUES(1,'country','Forever Iced');
INSERT INTO "ImageProperties" VALUES(1,'city','Santa Claus');
INSERT INTO "ImageProperties" VALUES(1,'location','North Pole');
INSERT INTO "ImageProperties" VALUES(1,'provinceState','Icecream');
INSERT INTO "ImageProperties" VALUES(4,'country','');
INSERT INTO "ImageProperties" VALUES(4,'countryCode','');
INSERT INTO "ImageProperties" VALUES(4,'city','Nowhere');
INSERT INTO "ImageProperties" VALUES(4,'location','');
INSERT INTO "ImageProperties" VALUES(4,'provinceState','Unknown');
CREATE TABLE Searches
                            (id INTEGER PRIMARY KEY,
                            type INTEGER,
                            name TEXT NOT NULL,
                            query TEXT NOT NULL);
CREATE TABLE DownloadHistory
                            (id  INTEGER PRIMARY KEY,
                            identifier TEXT,
                            filename TEXT,
                            filesize INTEGER,
                            filedate DATETIME,
                            UNIQUE(identifier, filename, filesize, filedate));
CREATE TABLE Settings
                            (keyword TEXT NOT NULL UNIQUE,
                            value TEXT);
INSERT INTO "Settings" VALUES('preAlpha010Update1','true');
INSERT INTO "Settings" VALUES('preAlpha010Update2','true');
INSERT INTO "Settings" VALUES('preAlpha010Update3','true');
INSERT INTO "Settings" VALUES('beta010Update1','true');
INSERT INTO "Settings" VALUES('beta010Update2','true');
INSERT INTO "Settings" VALUES('databaseImageFormats','jpg;jpeg;jpe;jp2;j2k;jpx;jpc;pgx;tif;tiff;png;xpm;ppm;pnm;pgf;gif;bmp;xcf;pcx;bay;bmq;cr2;crw;cs1;dc2;dcr;dng;erf;fff;hdr;k25;kdc;mdc;mos;mrw;nef;orf;pef;pxn;raf;raw;rdc;sr2;srf;x3f;arw;3fr;cine;ia;kc2;mef;nrw;qtk;rw2;sti;rwl;');
INSERT INTO "Settings" VALUES('databaseVideoFormats','mpeg;mpg;mpo;mpe;avi;mov;wmf;asf;mp4;3gp;wmv');
INSERT INTO "Settings" VALUES('databaseAudioFormats','ogg;mp3;wma;wav');
INSERT INTO "Settings" VALUES('FilterSettingsVersion','3');
INSERT INTO "Settings" VALUES('DcrawFilterSettingsVersion','3');
INSERT INTO "Settings" VALUES('DBVersion','5');
INSERT INTO "Settings" VALUES('databaseUUID','{d042a66b-fc5c-40ed-bb0e-19d1b43e4de4}');
INSERT INTO "Settings" VALUES('Locale','UTF-8');
INSERT INTO "Settings" VALUES('DeleteRemovedCompleteScanCount','2');
INSERT INTO "Settings" VALUES('Scanned','2011-06-28T19:24:09');
INSERT INTO "Settings" VALUES('databaseUserImageFormats',NULL);
INSERT INTO "Settings" VALUES('databaseUserVideoFormats',NULL);
INSERT INTO "Settings" VALUES('databaseUserAudioFormats',NULL);
INSERT INTO "Settings" VALUES('RemovedItemsTime','2011-06-28T19:24:43');
CREATE TABLE ImageHistory
                            (imageid INTEGER PRIMARY KEY,
                             uuid TEXT,
                             history TEXT);
CREATE TABLE ImageRelations
                            (subject INTEGER,
                             object INTEGER,
                             type INTEGER,
                             UNIQUE(subject, object, type));
CREATE TABLE TagProperties
                            (tagid INTEGER,
                             property TEXT,
                             value TEXT);
CREATE TABLE ImageTagProperties
                            (imageid INTEGER,
                             tagid INTEGER,
                             property TEXT,
                             value TEXT);
COMMIT;
